radius,diodicity
0.05,1.1348145194034762
0.06333333333333334,1.1643175659342901
0.07666666666666667,1.1869270741197642
